<?xml version="1.0" encoding="UTF-8" ?>
<!DOCTYPE mapper
        PUBLIC "-//mybatis.org//DTD Mapper 3.0//EN"
        "http://mybatis.org/dtd/mybatis-3-mapper.dtd">
<mapper namespace="com.roadjava.market.mapper.ReturnGoodsMapper">
  <select id="selectRetList" resultType="ReturnGoodsVO">
    select
    a.*,
    b.username operatorName,
    c.purchase_no
    from return_goods a
    left join manager b on a.operator_id = b.id
    left join purchase c on a.purchase_id = c.id
    <where>
      <if test='fuzzyRetNo != null and fuzzyRetNo !=""'>
        a.ret_no like concat('%',#{fuzzyRetNo},'%')
      </if>
      <if test='status != null'>
        and a.status=#{status}
      </if>
    </where>
    order by a.id desc
  </select>
</mapper>
